keys,en
APP_TITLE,WASTELAND
UI_PRESET_LOW,Low
UI_PRESET_MEDIUM,Medium
UI_PRESET_HIGH,High
UI_PRESET_ULTRA,Ultra
UI_RENDER_SCALE,Render scale
UI_RUN_BENCH,Run benchmark
UI_TOGGLE_HUD,Perf HUD
UI_BENCH_RUNNING,Benchmark running…
UI_BENCH_DONE,Benchmark complete
UI_GRAPHICS,Graphics
UI_DEV_PANEL,Dev
UI_COPY_RESULT,Copy result
ITEM_WPN_SERVICE_PISTOL,Service Pistol
ITEM_WPN_RIVET_CARBINE,Rivet Carbine
ITEM_WPN_SCAV_REPEATER,Scav Repeater
ACTOR_PLAYER,You
ACTOR_SCAVENGER,Scavenger
HUD_RELOADING,Reloading…
HUD_YOU_DIED,You died
HUD_RESPAWNING,Respawning…
HUD_KILLS,Kills
TOUCH_RELOAD,Reload
TOUCH_SWAP,Swap
TOUCH_USE,Use
